{
  "content": [
    {
      "path": "SimObjects/Airplanes/Sawbe_Generic_Airliner/ai.cfg",
      "size": 743,
      "date": 132630429709953161
    },
    {
      "path": "SimObjects/Airplanes/Sawbe_Generic_Airliner/aircraft.cfg",
      "size": 3887,
      "date": 132763112220265462
    },
    {
      "path": "SimObjects/Airplanes/Sawbe_Generic_Airliner/aircraft.loc",
      "size": 32574,
      "date": 132719050927368634
    },
    {
      "path": "SimObjects/Airplanes/Sawbe_Generic_Airliner/approach.FLT",
      "size": 5188,
      "date": 132630429709982921
    },
    {
      "path": "SimObjects/Airplanes/Sawbe_Generic_Airliner/apron.FLT",
      "size": 5057,
      "date": 132630429709992839
    },
    {
      "path": "SimObjects/Airplanes/Sawbe_Generic_Airliner/cameras.cfg",
      "size": 36313,
      "date": 132630429710002760
    },
    {
      "path": "SimObjects/Airplanes/Sawbe_Generic_Airliner/Climb.flt",
      "size": 5193,
      "date": 132630429710037481
    },
    {
      "path": "SimObjects/Airplanes/Sawbe_Generic_Airliner/cockpit.cfg",
      "size": 4987,
      "date": 132719050927393448
    },
    {
      "path": "SimObjects/Airplanes/Sawbe_Generic_Airliner/cruise.FLT",
      "size": 5188,
      "date": 132630429710052364
    },
    {
      "path": "SimObjects/Airplanes/Sawbe_Generic_Airliner/engines.cfg",
      "size": 7134,
      "date": 132630429710057329
    },
    {
      "path": "SimObjects/Airplanes/Sawbe_Generic_Airliner/final.FLT",
      "size": 5196,
      "date": 132630429710067243
    },
    {
      "path": "SimObjects/Airplanes/Sawbe_Generic_Airliner/flight_model.cfg",
      "size": 41935,
      "date": 132719050940448160
    },
    {
      "path": "SimObjects/Airplanes/Sawbe_Generic_Airliner/gameplay.cfg",
      "size": 1152,
      "date": 132630429710087083
    },
    {
      "path": "SimObjects/Airplanes/Sawbe_Generic_Airliner/hangar.flt",
      "size": 4167,
      "date": 132630429710097011
    },
    {
      "path": "SimObjects/Airplanes/Sawbe_Generic_Airliner/Notice.txt",
      "size": 156,
      "date": 132630429714650275
    },
    {
      "path": "SimObjects/Airplanes/Sawbe_Generic_Airliner/runway.FLT",
      "size": 5053,
      "date": 132630429714684995
    },
    {
      "path": "SimObjects/Airplanes/Sawbe_Generic_Airliner/systems.cfg",
      "size": 27123,
      "date": 132630429716331714
    },
    {
      "path": "SimObjects/Airplanes/Sawbe_Generic_Airliner/target_performance.cfg",
      "size": 2300,
      "date": 132630429716336666
    },
    {
      "path": "SimObjects/Airplanes/Sawbe_Generic_Airliner/taxi.FLT",
      "size": 4982,
      "date": 132630429716351547
    },
    {
      "path": "SimObjects/Airplanes/Sawbe_Generic_Airliner/model/model.CFG",
      "size": 679,
      "date": 132763111328385761
    },
    {
      "path": "SimObjects/Airplanes/Sawbe_Generic_Airliner/panel/panel.cfg",
      "size": 0,
      "date": 132763111129797789
    },
    {
      "path": "SimObjects/Airplanes/Sawbe_Generic_Airliner/sound/sound.xml",
      "size": 163,
      "date": 132763110842869684
    }
  ]
}